idPosicionArancelaria,nomenclador,porcentajeSeguro,porcentajeImportacion,porcentajeTasaEstadistica,tipoLicencia
1,AX12DF,1.100000,11.700000,1.500000,1
2,BX12AR,1.200000,12.700000,2.500000,0
3,CX12BZ,1.300000,13.700000,3.500000,1
4,DX12UK,1.400000,14.700000,4.500000,0
5,EX12GR,1.500000,15.700000,5.500000,1
6,FX12GR,1.600000,16.700000,6.500000,0
7,GX12GR,1.700000,17.700000,7.500000,1
